p_val,avg_log2FC,pct.1,pct.2,p_val_adj,cluster,gene
2.55E-74,20.83625607,0.487,0.049,4.70E-70,0,Cxcl2
4.99E-73,5.538356067,0.548,0.068,9.20E-69,0,Trem1
1.22E-71,5.645713951,0.33,0.02,2.24E-67,0,Acod1
9.21E-71,13.5898469,0.635,0.101,1.70E-66,0,Il1b
3.53E-67,7.072186356,0.67,0.118,6.51E-63,0,Csf3r
1.56E-65,3.633465606,0.522,0.065,2.88E-61,0,Lilrb4b
1.35E-61,13.02295961,0.67,0.128,2.48E-57,0,Slc7a11
3.93E-61,12.36432895,0.704,0.145,7.25E-57,0,Srgn
5.52E-57,6.546554509,0.487,0.067,1.02E-52,0,Slc16a3
1.95E-53,13.80637858,0.591,0.111,3.59E-49,0,Plek
9.73E-53,33.59827702,0.635,0.14,1.79E-48,0,Il1r2
1.47E-52,4.264227231,0.409,0.05,2.72E-48,0,Clec4d
2.33E-45,3.957565334,0.374,0.049,4.30E-41,0,Hdc
1.16E-40,2.939290806,0.357,0.048,2.14E-36,0,Lilrb4a
2.34E-39,5.104701239,0.391,0.062,4.32E-35,0,Il36g
3.88E-38,2.370457547,0.557,0.128,7.15E-34,0,Emilin2
8.00E-37,4.262040075,0.504,0.11,1.48E-32,0,Fbxl5
2.88E-36,8.137064398,0.348,0.053,5.31E-32,0,Il1rap
4.85E-36,2.008967664,0.426,0.08,8.95E-32,0,Tpd52
7.81E-35,2.790586891,0.4,0.072,1.44E-30,0,Basp1
1.62E-34,5.999315011,0.757,0.304,3.00E-30,0,Thbs1
2.42E-34,7.854658985,0.557,0.144,4.47E-30,0,Slfn4
8.24E-34,6.731736354,0.661,0.213,1.52E-29,0,Cers6
4.64E-33,9.725351787,0.574,0.167,8.55E-29,0,B230303A05Rik
8.58E-33,-4.535956348,0.739,0.272,1.58E-28,0,Lyst
1.36E-32,2.289713519,0.443,0.095,2.51E-28,0,Gm49339
1.46E-32,4.79769964,0.304,0.045,2.70E-28,0,Entpd1
2.32E-32,3.653852911,0.487,0.119,4.28E-28,0,Abtb2
4.52E-32,-2.764247428,0.687,0.23,8.34E-28,0,Lcp1
2.44E-30,2.266584769,0.583,0.175,4.49E-26,0,Phf21a
4.92E-30,4.589538068,0.296,0.046,9.07E-26,0,Tlr4
2.17E-29,-1.872294343,0.496,0.131,4.00E-25,0,Alcam
1.46E-27,4.12452322,0.609,0.199,2.69E-23,0,Cd300lf
4.17E-27,3.373827976,0.435,0.108,7.69E-23,0,Fosl2
8.98E-27,2.253327707,0.426,0.104,1.66E-22,0,Slc15a3
1.18E-26,5.653235737,0.252,0.038,2.17E-22,0,Clec4e
1.19E-26,3.785396609,0.296,0.05,2.19E-22,0,Cass4
1.75E-26,3.288495861,0.4,0.092,3.23E-22,0,Retnlg
2.51E-26,3.688316634,0.487,0.142,4.63E-22,0,Fmnl2
2.93E-26,3.567448296,0.339,0.068,5.41E-22,0,Nlrp3
2.99E-26,2.472452578,0.252,0.038,5.51E-22,0,Cd14
5.51E-26,-1.884777239,0.591,0.202,1.02E-21,0,Fth1
1.94E-25,5.309680643,0.574,0.191,3.58E-21,0,Fmnl1
2.87E-25,1.555597261,0.383,0.086,5.29E-21,0,Cd33
5.44E-25,6.883268149,0.652,0.25,1.00E-20,0,Cd44
2.15E-24,-60.57595282,0.913,0.523,3.97E-20,0,S100a9
6.18E-24,2.177023359,0.374,0.089,1.14E-19,0,Cxcr2
6.40E-24,2.494050107,0.278,0.05,1.18E-19,0,Lpcat2
1.36E-23,6.289825961,0.565,0.205,2.50E-19,0,Mxd1
4.41E-23,3.863143909,0.426,0.118,8.13E-19,0,Notch2
1.05E-22,1.612144777,0.322,0.069,1.94E-18,0,Ankrd33b
1.26E-22,3.726959364,0.643,0.282,2.33E-18,0,Picalm
1.88E-22,1.515764827,0.443,0.128,3.47E-18,0,Litaf
2.71E-22,2.274786687,0.339,0.077,5.01E-18,0,Stx11
3.46E-22,2.911532216,0.452,0.138,6.39E-18,0,Gda
4.44E-22,1.398262232,0.574,0.217,8.18E-18,0,Atxn1
1.42E-21,1.105518772,0.539,0.183,2.63E-17,0,Chd7
1.50E-21,-2.189313255,0.704,0.342,2.77E-17,0,Neat1
1.74E-21,2.900379391,0.522,0.18,3.22E-17,0,Tmcc1
8.34E-21,-12.95290778,0.748,0.321,1.54E-16,0,S100a8
3.03E-20,4.28863113,0.417,0.12,5.58E-16,0,Osbpl9
3.55E-20,5.527674183,0.574,0.224,6.55E-16,0,Sorl1
5.25E-20,2.621157926,0.348,0.089,9.69E-16,0,Slc2a3
6.34E-20,3.416301786,0.304,0.07,1.17E-15,0,Sfxn5
1.13E-19,-0.820825005,0.652,0.295,2.09E-15,0,Nedd9
1.37E-19,2.653383077,0.409,0.122,2.53E-15,0,Trem3
1.42E-19,4.509140596,0.47,0.155,2.61E-15,0,Fndc3b
1.58E-19,-181.762257,0.991,0.999,2.91E-15,0,mt-Rnr2
2.00E-19,3.327759822,0.617,0.264,3.69E-15,0,Igf1r
3.44E-19,3.022921057,0.617,0.261,6.34E-15,0,Msra
4.46E-19,4.046093915,0.461,0.151,8.22E-15,0,Sgms2
8.39E-19,3.015230157,0.357,0.097,1.55E-14,0,Samsn1
1.62E-18,3.176822666,0.417,0.133,3.00E-14,0,Dmxl2
2.52E-18,1.526662319,0.513,0.183,4.65E-14,0,Skap2
2.94E-18,1.997567977,0.304,0.074,5.43E-14,0,Rbm47
5.94E-18,3.959943596,0.322,0.086,1.10E-13,0,Nt5e
8.01E-18,0.676754551,0.713,0.363,1.48E-13,0,Iqgap1
3.56E-17,1.600872648,0.348,0.098,6.56E-13,0,Rab44
3.87E-17,-134.1539533,1,0.999,7.15E-13,0,mt-Rnr1
8.25E-17,2.986011545,0.426,0.146,1.52E-12,0,Mmp9
8.31E-17,1.229681284,0.504,0.19,1.53E-12,0,Vav3
2.37E-16,4.201179389,0.313,0.084,4.38E-12,0,Ctsd
4.76E-16,1.620657736,0.47,0.179,8.78E-12,0,Diaph1
6.99E-16,1.472046693,0.261,0.062,1.29E-11,0,Mirt1
8.04E-16,2.171289623,0.313,0.086,1.48E-11,0,Nfkbiz
1.16E-15,3.588670909,0.374,0.126,2.14E-11,0,Lmnb1
1.26E-15,3.872376119,0.574,0.252,2.33E-11,0,Ptprc
1.70E-15,3.494312528,0.304,0.086,3.13E-11,0,Adam8
4.18E-15,2.257606068,0.261,0.067,7.71E-11,0,Cd9
5.28E-15,4.217598849,0.73,0.421,9.73E-11,0,Cmip
5.62E-15,3.813467992,0.278,0.074,1.04E-10,0,Rnf149
5.74E-15,-16.10108388,0.809,0.503,1.06E-10,0,Myh9
7.88E-15,1.86894525,0.287,0.078,1.45E-10,0,F630028O10Rik
8.90E-15,3.92260896,0.383,0.134,1.64E-10,0,Fgr
3.12E-14,0.277359758,0.53,0.247,5.75E-10,0,Ncf2
4.98E-14,2.136118271,0.252,0.065,9.19E-10,0,Cd84
6.83E-14,2.155893964,0.33,0.108,1.26E-09,0,Mcl1
7.48E-14,1.315786942,0.426,0.166,1.38E-09,0,App
1.03E-13,1.838118654,0.296,0.087,1.91E-09,0,Pxn
1.88E-13,2.398124828,0.322,0.103,3.47E-09,0,Trps1
2.02E-13,3.21340789,0.261,0.073,3.73E-09,0,Cpd
2.62E-13,3.497112128,0.426,0.166,4.83E-09,0,Npepps
4.65E-13,1.667315148,0.252,0.069,8.57E-09,0,Txnip
5.07E-13,1.736150805,0.443,0.19,9.36E-09,0,Xylt1
6.27E-13,2.607302273,0.33,0.112,1.16E-08,0,Csf2rb
7.12E-13,2.717423374,0.304,0.096,1.31E-08,0,Gsap
7.50E-13,1.919483461,0.322,0.108,1.38E-08,0,Gbe1
1.26E-12,1.758592454,0.252,0.072,2.33E-08,0,Ostf1
1.28E-12,10.44770147,0.304,0.098,2.37E-08,0,Samhd1
1.31E-12,4.639003897,0.391,0.151,2.42E-08,0,Atg7
1.58E-12,1.038415947,0.409,0.16,2.92E-08,0,Rab8b
1.70E-12,4.61040792,0.304,0.098,3.13E-08,0,Mapkapk2
2.04E-12,2.213019092,0.443,0.182,3.76E-08,0,Svil
3.57E-12,4.215581463,0.348,0.129,6.59E-08,0,Mctp2
4.39E-12,13.52016199,0.391,0.155,8.10E-08,0,Fndc3a
9.14E-12,1.177942916,0.322,0.11,1.69E-07,0,Ptpre
9.46E-12,-1.333581875,0.409,0.173,1.74E-07,0,Spg11
1.27E-11,3.236435009,0.261,0.081,2.33E-07,0,Klhl2
2.43E-11,1.658936733,0.296,0.098,4.48E-07,0,Slc6a6
3.42E-11,1.655483143,0.391,0.165,6.31E-07,0,Ski
3.43E-11,-2.298888663,0.261,0.082,6.34E-07,0,Resf1
3.49E-11,-0.898570376,0.443,0.192,6.43E-07,0,Plaur
3.89E-11,1.346637592,0.252,0.077,7.18E-07,0,Tbc1d23
5.81E-11,1.750036687,0.278,0.094,1.07E-06,0,Grina
5.95E-11,2.436129258,0.365,0.149,1.10E-06,0,Rab7
9.32E-11,2.02058328,0.278,0.095,1.72E-06,0,Klf6
1.20E-10,1.329570342,0.287,0.098,2.21E-06,0,Wdfy3
1.93E-10,1.469479503,0.33,0.128,3.56E-06,0,Zfp608
2.15E-10,1.705563487,0.391,0.168,3.97E-06,0,Gab2
5.64E-10,3.245092199,0.374,0.159,1.04E-05,0,Actn1
7.14E-10,0.898123433,0.417,0.179,1.32E-05,0,Nfam1
8.23E-10,2.52979191,0.252,0.086,1.52E-05,0,N4bp1
1.00E-09,-230.8107668,0.122,0.4,1.85E-05,0,Hba-a1
1.02E-09,-0.903525207,0.313,0.119,1.89E-05,0,Sipa1l2
1.23E-09,0.951251754,0.443,0.205,2.26E-05,0,Iqsec1
1.35E-09,1.820409928,0.339,0.141,2.50E-05,0,Zswim6
1.59E-09,1.94728065,0.278,0.104,2.93E-05,0,Ptpn1
1.87E-09,1.296481295,0.287,0.108,3.45E-05,0,Klf7
2.15E-09,-37.09659997,0.148,0.424,3.96E-05,0,Bach2
2.26E-09,1.970777579,0.296,0.114,4.17E-05,0,Atp11b
3.84E-09,2.677932561,0.348,0.148,7.08E-05,0,Lrrfip1
3.88E-09,1.872129515,0.348,0.147,7.16E-05,0,Inpp5a
5.29E-09,2.196020005,0.348,0.151,9.76E-05,0,Atrnl1
5.36E-09,0.983326757,0.6,0.37,9.88E-05,0,Lyn
6.93E-09,-49.84719362,0.539,0.698,0.00012782,0,Gm49817
7.03E-09,3.122093394,0.348,0.153,0.000129703,0,Pkm
7.23E-09,1.936883322,0.252,0.089,0.000133317,0,Il18rap
7.59E-09,1.146244774,0.339,0.142,0.000140088,0,Wipf1
9.18E-09,3.04160162,0.33,0.138,0.00016929,0,Vasp
1.44E-08,2.984050301,0.252,0.092,0.000265923,0,Ptpn12
1.48E-08,2.26531956,0.287,0.113,0.000272855,0,Sbno1
2.04E-08,1.15765924,0.339,0.147,0.000376733,0,Rbms1
2.30E-08,0.938800926,0.296,0.119,0.000423478,0,Bltp1
4.35E-08,0.973204061,0.4,0.197,0.000802595,0,Jmjd1c
5.47E-08,1.334984022,0.252,0.095,0.001009738,0,Fyb
6.47E-08,1.025966376,0.27,0.105,0.001193431,0,Peli2
7.65E-08,6.127293909,0.27,0.113,0.001411725,0,Adam19
1.31E-07,4.167232457,0.304,0.132,0.002415861,0,Sipa1l1
2.07E-07,2.743042924,0.339,0.16,0.003814292,0,Lpp
3.97E-07,0.610888954,0.252,0.1,0.007325843,0,Marchf7
4.09E-07,1.7933944,0.252,0.101,0.007548702,0,Irak2
5.57E-07,1.08546578,0.278,0.12,0.010269617,0,Kdm6b
5.70E-07,2.158626019,0.348,0.171,0.01052208,0,Mbnl2
7.03E-07,-10.20092382,0.113,0.332,0.0129764,0,Aff3
7.11E-07,1.581716045,0.278,0.122,0.013112375,0,Fgd3
9.40E-07,1.976586191,0.339,0.17,0.017348886,0,Ipcef1
1.02E-06,1.377459725,0.4,0.21,0.018773124,0,Mctp1
1.05E-06,3.063515626,0.304,0.147,0.019290576,0,Dach1
1.43E-06,1.466481585,0.296,0.138,0.026441693,0,Dnm2
1.84E-06,4.065417586,0.452,0.255,0.033884234,0,Zfand3
2.12E-06,1.200442807,0.252,0.109,0.039096969,0,Irf2
2.30E-06,-41.82082835,0.183,0.384,0.042429914,0,Ebf1
2.67E-06,-83.71591329,0.478,0.666,0.049252997,0,Il31ra
3.29E-06,-7.202246939,0.148,0.35,0.060688968,0,Ptma
3.44E-06,2.248063922,0.391,0.219,0.063467768,0,Sik3
3.85E-06,1.182319715,0.287,0.136,0.071060355,0,Spag9
4.12E-06,0.765096168,0.287,0.137,0.076091639,0,Itgb2
4.59E-06,2.777690184,0.304,0.155,0.084620114,0,Retreg1
4.81E-06,-0.54150045,0.252,0.111,0.088692068,0,Tgfbi
4.83E-06,0.570368753,0.27,0.123,0.089109431,0,Tbc1d1
8.09E-06,-49.28512066,0.096,0.28,0.149214579,0,Tmcc2
9.36E-06,-1.253430992,0.296,0.139,0.172709796,0,Prex1
9.39E-06,2.002136643,0.287,0.142,0.17318507,0,Arid5b
1.24E-05,2.170261611,0.391,0.222,0.227829441,0,Bcl2l1
1.43E-05,-12.73904759,0.087,0.264,0.263071449,0,Hectd4
1.54E-05,0.637838829,0.287,0.14,0.283806963,0,Myo9b
1.62E-05,2.509030182,0.435,0.267,0.299031867,0,Celf2
1.64E-05,2.057595685,0.278,0.139,0.301968245,0,Il17ra
2.42E-05,-11.17515594,0.104,0.274,0.445858983,0,Slc4a1
2.81E-05,2.084932614,0.278,0.139,0.518912106,0,Rin3
3.67E-05,2.109434976,0.261,0.133,0.677706513,0,Cotl1
3.68E-05,-99.21334557,0.278,0.434,0.677948756,0,Hbb-bs
3.82E-05,1.348520741,0.27,0.135,0.704815568,0,Lnpep
4.66E-05,0.516892119,0.27,0.135,0.859964045,0,Ogt
4.73E-05,1.768458264,0.287,0.152,0.873294461,0,Tnrc18
5.62E-05,-67.78980002,1,0.983,1,0,Malat1
6.19E-05,3.254706743,0.522,0.378,1,0,Baz2b
6.87E-05,0.512949031,0.261,0.131,1,0,Stat3
7.02E-05,-5.240943588,0.296,0.157,1,0,Lyz2
7.57E-05,-96.64127696,0.965,0.972,1,0,Camk1d
8.67E-05,-20.16094822,0.113,0.267,1,0,Specc1
0.000111071,1.741627377,0.252,0.127,1,0,Laptm5
0.000124166,0.790332295,0.304,0.166,1,0,Map3k5
0.000128924,1.863525408,0.261,0.134,1,0,Cbl
0.000152513,0.852034992,0.461,0.29,1,0,Cyrib
0.000182477,1.104404365,0.496,0.316,1,0,Elmo1
0.000240598,0.384520593,0.409,0.252,1,0,Ppp1r12a
0.000272187,2.288569109,0.27,0.149,1,0,Susd6
0.000289895,-1.334613699,0.565,0.398,1,0,Dock2
0.000296227,-2.744837274,0.348,0.203,1,0,Pim1
0.000306993,-334.6883826,1,1,1,0,Cmss1
0.000350019,-19.11894463,0.122,0.26,1,0,Marchf3
0.0003872,-8.340682781,0.13,0.273,1,0,Ncl
0.000441564,-4.794215543,0.27,0.152,1,0,Abi1
0.000492092,-9.891090833,0.296,0.442,1,0,Pabpc1
0.000602364,0.898867896,0.383,0.242,1,0,Med13l
0.000731943,-52.14579307,0.174,0.308,1,0,Atg4a
0.000758577,0.29023677,0.339,0.213,1,0,Hectd1
0.000815247,2.246860094,0.278,0.166,1,0,Apbb1ip
0.000880368,-0.328092999,0.313,0.191,1,0,Etv6
0.001081803,-3.122502959,0.139,0.274,1,0,Serinc3
0.001134237,-3.530276688,0.122,0.253,1,0,Foxn3
0.001236991,-5.423764368,0.243,0.382,1,0,Foxp1
0.001636954,-1.987528443,0.2,0.34,1,0,Jarid2
0.001743586,-1.14717422,0.33,0.217,1,0,Myo1f
0.001782476,1.629057936,0.452,0.328,1,0,Tut7
0.002427206,1.001130115,0.252,0.15,1,0,Arhgap25
0.002570991,1.628540463,0.348,0.231,1,0,Msn
0.002745212,-1.017992136,0.27,0.163,1,0,Lrrk2
0.003565873,-0.343734429,0.287,0.181,1,0,Gnaq
0.003730541,0.60351802,0.261,0.16,1,0,Wwp2
0.004361278,-32.86961162,0.217,0.324,1,0,Ltf
0.004565278,4.059389914,0.452,0.332,1,0,Ripor2
0.005299869,-2.939249646,0.313,0.208,1,0,Flna
0.007009568,-0.876974492,0.322,0.216,1,0,Arhgap24
0.007351876,-0.621361997,0.357,0.237,1,0,Rsrp1
0.008442911,-19.51584916,0.217,0.312,1,0,Epb41
0.009244946,-24.02206323,0.287,0.379,1,0,Tmem131l
0.009596034,-9.493145387,0.557,0.412,1,0,Syne1
0.00970302,-1.525823929,0.183,0.292,1,0,Hnrnpa2b1
1.55E-202,7.978415681,0.664,0.021,2.86E-198,1,Hemgn
5.13E-104,16.39328201,0.935,0.169,9.46E-100,1,Mki67
4.01E-98,5.801448492,0.701,0.078,7.40E-94,1,Diaph3
4.16E-96,11.16898217,0.776,0.107,7.67E-92,1,Ank1
1.87E-87,8.421891752,0.776,0.12,3.45E-83,1,Sptb
1.94E-87,7.841105179,0.785,0.123,3.57E-83,1,Top2a
5.11E-81,5.823551212,0.673,0.089,9.42E-77,1,Spta1
3.09E-79,4.293039599,0.43,0.031,5.70E-75,1,Ccnf
1.96E-77,2.838623744,0.523,0.051,3.62E-73,1,Dmtn
1.78E-75,3.783512187,0.514,0.051,3.27E-71,1,Nusap1
7.34E-73,6.159663897,0.495,0.049,1.35E-68,1,Cenpf
9.91E-70,6.493246579,0.364,0.025,1.83E-65,1,Aspm
3.72E-69,3.00968343,0.43,0.037,6.87E-65,1,Rhd
9.41E-68,5.783739464,0.925,0.236,1.74E-63,1,Slc4a1
4.22E-61,2.64714963,0.495,0.06,7.78E-57,1,Tmod1
6.75E-59,4.143434871,0.346,0.028,1.25E-54,1,Ect2
4.55E-57,4.494555226,0.673,0.133,8.39E-53,1,Smc4
1.47E-55,-221.4995122,0.981,0.359,2.71E-51,1,Hba-a1
1.71E-55,3.11053569,0.29,0.02,3.16E-51,1,Cdk1
1.21E-53,2.822454727,0.29,0.02,2.23E-49,1,Kif18a
5.52E-53,4.396448906,0.57,0.095,1.02E-48,1,Gypa
6.61E-52,1.462567173,0.701,0.146,1.22E-47,1,Fech
1.74E-51,3.280438403,0.421,0.05,3.21E-47,1,Slc6a9
2.15E-51,3.893026256,0.336,0.031,3.96E-47,1,Prc1
1.06E-48,2.555007564,0.355,0.037,1.95E-44,1,Lockd
1.17E-47,2.049133703,0.308,0.028,2.16E-43,1,Tal1
1.86E-47,3.427478159,0.523,0.09,3.44E-43,1,Car2
3.80E-46,6.09224564,0.439,0.064,7.01E-42,1,Cenpe
4.61E-43,-63.35221064,0.944,0.403,8.50E-39,1,Hbb-bs
1.02E-42,2.369900825,0.299,0.03,1.88E-38,1,Gypc
2.30E-42,3.797947641,0.393,0.054,4.24E-38,1,Tmpo
4.75E-42,4.635050558,0.355,0.045,8.76E-38,1,Neil3
2.67E-41,2.618066447,0.262,0.023,4.93E-37,1,Add2
2.69E-40,-10.51256965,0.766,0.23,4.96E-36,1,Marchf3
3.15E-39,3.061347873,0.364,0.05,5.80E-35,1,Kif11
5.58E-39,0.637320192,0.654,0.171,1.03E-34,1,Hba-a2
1.49E-38,-10.91729528,0.729,0.218,2.75E-34,1,Hbb-bt
6.98E-38,2.466280104,0.308,0.037,1.29E-33,1,Tpx2
3.20E-37,3.181562972,0.28,0.03,5.91E-33,1,Tspan33
7.27E-37,2.74732134,0.271,0.029,1.34E-32,1,Depdc1b
1.08E-36,4.85171078,0.477,0.092,1.99E-32,1,Dek
5.41E-36,1.737398183,0.411,0.069,9.98E-32,1,Cpeb3
4.27E-35,-2.310642621,0.748,0.233,7.88E-31,1,Hectd4
5.68E-35,2.867463814,0.252,0.026,1.05E-30,1,Kif14
1.67E-33,4.086829364,0.561,0.143,3.07E-29,1,Hmgb2
2.02E-33,3.728849319,0.271,0.032,3.73E-29,1,Anln
9.04E-33,2.068994723,0.355,0.056,1.67E-28,1,Rhag
2.97E-32,-1.875532802,0.514,0.119,5.48E-28,1,Snca
5.51E-31,3.185170607,0.477,0.11,1.02E-26,1,Arhgef12
1.15E-29,4.584143676,0.299,0.045,2.12E-25,1,Hace1
2.92E-29,2.874440482,0.346,0.061,5.39E-25,1,Ermap
4.43E-29,1.947905433,0.355,0.063,8.17E-25,1,Marchf8
9.15E-29,3.474450574,0.29,0.043,1.69E-24,1,Abcb10
1.57E-28,4.343209916,0.645,0.22,2.89E-24,1,Anp32b
8.17E-28,2.186113171,0.43,0.096,1.51E-23,1,Rad21
1.06E-27,2.334456073,0.308,0.051,1.95E-23,1,Arhgap11a
2.19E-27,2.392281606,0.393,0.081,4.05E-23,1,Kel
2.82E-27,-10.49767087,0.766,0.287,5.21E-23,1,Epb41
3.88E-27,2.319834348,0.262,0.037,7.16E-23,1,Knl1
2.97E-25,3.192046866,0.505,0.145,5.48E-21,1,Slc25a37
1.44E-24,4.860913421,0.542,0.162,2.66E-20,1,Slc16a10
5.34E-24,1.466887777,0.598,0.191,9.85E-20,1,Trak2
1.61E-23,9.323199586,0.336,0.072,2.96E-19,1,Slc25a21
2.50E-23,1.683059123,0.374,0.083,4.61E-19,1,Alas2
5.04E-22,2.80292103,0.271,0.049,9.29E-18,1,Cit
7.53E-22,3.672899325,0.336,0.074,1.39E-17,1,Ckap5
1.22E-21,0.867414186,0.393,0.099,2.25E-17,1,Cd24a
2.31E-21,1.810150443,0.327,0.072,4.26E-17,1,Ncapd2
2.73E-21,2.189191335,0.374,0.092,5.04E-17,1,Incenp
4.67E-21,0.597213929,0.327,0.07,8.62E-17,1,Slc22a23
4.86E-21,1.712443923,0.346,0.08,8.97E-17,1,Anp32e
6.19E-21,1.765265672,0.364,0.088,1.14E-16,1,Hmbs
6.58E-21,-10.8074643,0.645,0.243,1.21E-16,1,Specc1
1.00E-20,14.30786181,0.963,0.678,1.85E-16,1,Gm49817
6.64E-20,3.618729244,0.327,0.075,1.23E-15,1,Ank
2.33E-19,2.322554448,0.449,0.142,4.29E-15,1,Tfrc
6.09E-19,2.034883649,0.262,0.052,1.12E-14,1,Rnf123
9.53E-19,5.302420773,0.374,0.101,1.76E-14,1,Evi5
1.07E-18,3.200850537,0.374,0.105,1.97E-14,1,E2f2
4.86E-18,2.239415827,0.252,0.05,8.97E-14,1,Arl6ip1
7.04E-18,-3.541902106,0.336,0.087,1.30E-13,1,Mcph1
7.38E-18,3.737133567,0.579,0.226,1.36E-13,1,Herc1
3.65E-17,1.076804173,0.402,0.126,6.73E-13,1,Gpx1
6.04E-17,0.55737336,0.458,0.154,1.11E-12,1,Clcn3
7.24E-17,1.964203295,0.252,0.053,1.33E-12,1,Slc16a1
2.04E-16,0.870397007,0.327,0.087,3.76E-12,1,Fhdc1
8.75E-16,3.370527473,0.43,0.153,1.61E-11,1,Stag1
1.29E-15,1.808439712,0.318,0.088,2.39E-11,1,Pabpc4
1.79E-15,-47.03273739,1,0.995,3.29E-11,1,Gm19951
2.00E-15,1.003075694,0.336,0.096,3.68E-11,1,Galnt10
4.15E-15,-190.3099253,1,1,7.65E-11,1,Cmss1
1.12E-14,4.201622009,0.28,0.073,2.06E-10,1,Reln
1.31E-14,-5.386746594,0.383,0.126,2.42E-10,1,Bmp2k
2.50E-14,2.923874663,0.364,0.119,4.62E-10,1,Zfpm1
8.96E-14,2.432936113,0.336,0.108,1.65E-09,1,Rb1
1.40E-13,3.00915349,0.308,0.095,2.59E-09,1,Ezh2
1.81E-13,-1.658023492,0.495,0.208,3.34E-09,1,Ranbp10
2.69E-13,2.387627151,0.467,0.19,4.95E-09,1,Dleu2
2.78E-13,0.526927263,0.561,0.255,5.13E-09,1,Serinc3
4.20E-13,3.871874752,0.449,0.183,7.75E-09,1,Usp32
5.67E-13,3.203595228,0.336,0.115,1.05E-08,1,Ctse
7.13E-13,0.477837734,0.458,0.183,1.32E-08,1,Metap2
3.64E-12,-70.54002438,1,0.97,6.72E-08,1,Camk1d
4.28E-12,-22.95730056,1,0.994,7.89E-08,1,Gphn
6.23E-12,-0.885003344,0.374,0.132,1.15E-07,1,Tfdp2
6.77E-12,-7.683829068,0.533,0.225,1.25E-07,1,Xpo7
4.26E-11,-21.51472131,1,0.999,7.86E-07,1,mt-Rnr1
5.12E-11,3.468036726,0.383,0.16,9.44E-07,1,Cep128
9.80E-11,-84.91736692,0.271,0.554,1.81E-06,1,S100a9
1.52E-10,1.504115472,0.318,0.114,2.80E-06,1,Pip5k1b
1.75E-10,-1.945231448,0.467,0.217,3.22E-06,1,Foxo3
2.96E-10,-6.50936782,0.093,0.392,5.45E-06,1,Iqgap1
3.10E-10,-3.85595126,0.57,0.29,5.73E-06,1,Wnk1
8.82E-10,1.629979438,0.28,0.096,1.63E-05,1,Zfp91
1.05E-09,-3.560883316,0.393,0.161,1.94E-05,1,Cpeb4
1.15E-09,-21.51467095,1,0.998,2.11E-05,1,mt-Rnr2
1.54E-09,-0.53995275,0.374,0.149,2.85E-05,1,Itsn1
2.96E-09,-48.60523468,0.57,0.29,5.46E-05,1,Atg4a
4.24E-09,0.836034768,0.318,0.121,7.81E-05,1,Rbm38
4.65E-09,#NAME?,1,0.997,8.57E-05,1,Lars2
5.70E-09,-4.826755452,0.467,0.227,0.000105221,1,Gpcpd1
6.14E-09,-2.040565245,0.364,0.15,0.000113175,1,Ube2o
1.05E-08,-6.948013426,0.664,0.425,0.000193951,1,Pabpc1
2.36E-08,1.225386233,0.252,0.09,0.000435623,1,Numa1
2.61E-08,-24.74105025,0.28,0.528,0.000481555,1,Myh9
2.99E-08,1.706361784,0.29,0.116,0.000552466,1,Lbr
4.22E-08,-73.45162649,1,0.983,0.000778544,1,Malat1
5.13E-08,-4.485231207,0.093,0.349,0.000946478,1,Ripor2
6.44E-08,-16.31675575,0.093,0.336,0.001187085,1,Thbs1
1.23E-07,0.404300384,0.271,0.107,0.002269813,1,Nos1ap
1.46E-07,0.947367141,0.308,0.13,0.002700783,1,Lmnb1
1.76E-07,-4.561006194,0.327,0.142,0.003251714,1,Ppp1r15a
1.76E-07,-4.306641009,0.15,0.391,0.003255165,1,Lyn
2.61E-07,-41.56404952,0.505,0.261,0.004815094,1,Tmcc2
4.92E-07,-2.078092203,0.439,0.229,0.009067008,1,Hipk1
6.36E-07,-1.373163683,0.28,0.126,0.011738002,1,Myo1d
7.05E-07,1.730184786,0.318,0.154,0.013005423,1,Gse1
9.00E-07,1.959305846,0.29,0.128,0.016596771,1,St3gal5
1.38E-06,-3.697181874,0.112,0.342,0.025472919,1,Syk
1.50E-06,-3.756906583,0.925,0.819,0.027750907,1,Filip1l
1.52E-06,-5.381049565,0.103,0.324,0.027954687,1,Itgam
1.58E-06,-2.943663597,0.084,0.299,0.02910551,1,Ppp3ca
1.95E-06,0.263963755,0.299,0.138,0.035993491,1,Pip4k2a
2.10E-06,-15.92175015,0.121,0.345,0.038767772,1,Ngp
2.34E-06,-4.106436887,0.196,0.415,0.043085367,1,Dock2
2.57E-06,-3.822423261,0.103,0.321,0.047384936,1,Nedd9
2.95E-06,0.725469723,0.262,0.111,0.054455355,1,Herc2
3.46E-06,-6.957916834,0.075,0.278,0.063796987,1,Cd44
3.65E-06,1.548519633,0.299,0.139,0.067397292,1,Zc3hav1
4.11E-06,-11.31823298,0.327,0.156,0.075741983,1,Suco
4.68E-06,0.788985107,0.477,0.278,0.086361114,1,Hnrnpa2b1
5.34E-06,0.712934839,0.262,0.116,0.098529427,1,Pkn2
8.37E-06,-1.787096346,0.252,0.114,0.154391529,1,Dcaf6
1.06E-05,-7.767801954,0.224,0.427,0.195908149,1,Syne1
1.37E-05,4.174249617,0.411,0.244,0.252798203,1,Vps13b
1.54E-05,-22.9486182,0.159,0.349,0.283407694,1,S100a8
1.63E-05,-4.250448565,0.15,0.352,0.30012324,1,Prkcb
1.70E-05,0.931458759,0.327,0.168,0.314331762,1,Wapl
1.80E-05,-4.188685309,0.103,0.286,0.332940487,1,Msra
1.93E-05,-50.70752342,0.196,0.383,0.355816461,1,Ebf1
1.94E-05,-3.732089965,0.084,0.264,0.358593927,1,Tmsb4x
1.96E-05,-26.86769548,0.131,0.328,0.36140868,1,Ltf
2.02E-05,-9.010771425,0.15,0.353,0.371811902,1,Arhgap15
2.08E-05,-13.8435913,0.112,0.302,0.383822268,1,Lyst
3.08E-05,-2.922584662,0.131,0.333,0.568217388,1,Elmo1
3.60E-05,-11.31683587,0.542,0.344,0.664775961,1,Dennd4a
3.71E-05,-54.69659042,0.822,0.649,0.684291594,1,Il31ra
3.77E-05,-13.2408404,0.15,0.33,0.695030417,1,Aff3
4.08E-05,1.047742247,0.262,0.127,0.75269093,1,Rab10
4.14E-05,-3.291331432,0.112,0.288,0.763019419,1,Fli1
5.15E-05,0.707895021,0.411,0.241,0.95088058,1,Med13l
5.49E-05,1.789369386,0.318,0.164,1,1,Zdhhc14
6.14E-05,2.060510189,0.374,0.217,1,1,Usp15
6.62E-05,-1.752181816,0.308,0.154,1,1,Bsdc1
6.91E-05,-3.021199808,0.131,0.317,1,1,Inpp5d
7.66E-05,-1.193504165,0.093,0.273,1,1,Mir142hg
0.000110725,-2.154987315,0.093,0.261,1,1,Btg1
0.000118474,-2.541460827,0.178,0.358,1,1,Actb
0.000123324,-0.521988829,0.318,0.178,1,1,Atf7ip
0.000126061,0.860561134,0.336,0.191,1,1,Ptbp3
0.000138819,-34.56158354,0.262,0.418,1,1,Bach2
0.000140689,-3.782054783,0.121,0.29,1,1,Wdfy4
0.000152107,-6.457485282,0.093,0.259,1,1,Lcp1
0.000161144,-2.376199414,0.112,0.274,1,1,Ptprc
0.0001935,-4.055708764,0.103,0.268,1,1,Ncf2
0.000205483,0.676910874,0.346,0.204,1,1,D130009I18Rik
0.000273526,0.337919484,0.28,0.151,1,1,Mkrn1
0.000330472,-1.820312263,0.103,0.26,1,1,Ssh2
0.000367167,0.907996067,0.14,0.305,1,1,Dock8
0.000460918,0.623288731,0.355,0.212,1,1,Smg6
0.00050752,-3.268216199,0.112,0.259,1,1,Arid1b
0.00111359,-2.390662425,0.131,0.27,1,1,Zfand3
0.001190108,0.805696283,0.28,0.161,1,1,Rnf10
0.001281902,3.000402955,0.421,0.292,1,1,Plcl2
0.00133205,-2.528707304,0.14,0.28,1,1,Fam107b
0.001340896,-0.445614294,0.15,0.279,1,1,Zeb2
0.001718345,0.925162285,0.262,0.151,1,1,Usp7
0.001826622,2.422904975,0.318,0.198,1,1,Asap1
0.001916041,0.946858253,0.336,0.215,1,1,Fcho2
0.002955118,-2.361257006,0.421,0.308,1,1,Mtmr3
0.00308486,-11.21923584,0.589,0.491,1,1,Gm15564
0.004826349,-0.303742414,0.364,0.244,1,1,Rock1
0.006550846,-1.242013247,0.467,0.328,1,1,Tut7
0.008531052,-4.664474476,0.271,0.38,1,1,Foxp1
4.05E-155,3.50493079,0.337,0.002,7.46E-151,2,Serpinh1
1.27E-147,8.166763464,0.698,0.037,2.34E-143,2,Dst
4.14E-141,3.074160129,0.291,0.001,7.64E-137,2,Aebp1
2.29E-129,13.39789026,0.605,0.031,4.22E-125,2,Myo10
2.98E-128,24.24911028,0.302,0.003,5.50E-124,2,Tnc
2.65E-127,11.23347938,0.419,0.011,4.88E-123,2,Cald1
4.23E-125,11.81383014,0.419,0.011,7.81E-121,2,Sparc
6.30E-124,4.955347575,0.267,0.001,1.16E-119,2,Timp1
1.26E-119,3.515433758,0.349,0.006,2.33E-115,2,Fgfr1
1.96E-118,9.958907502,0.291,0.003,3.62E-114,2,Ngf
4.63E-114,19.19644185,0.523,0.025,8.55E-110,2,Ptprm
1.92E-111,12.52748888,0.512,0.025,3.54E-107,2,Apbb2
4.62E-110,15.5037386,0.302,0.005,8.53E-106,2,Col4a2
2.35E-107,4.312758147,0.291,0.004,4.33E-103,2,Hbegf
4.18E-104,3.634541932,0.291,0.005,7.71E-100,2,Amotl1
3.34E-102,5.003577732,0.384,0.013,6.15E-98,2,Samd4
5.15E-101,21.32357771,0.256,0.003,9.51E-97,2,Il11
9.11E-100,44.41325667,0.267,0.004,1.68E-95,2,Col6a3
4.86E-99,18.33705343,0.302,0.006,8.96E-95,2,Col5a2
2.22E-97,4.877867896,0.256,0.003,4.09E-93,2,Hspg2
2.89E-85,8.422476379,0.267,0.006,5.32E-81,2,Dpysl3
1.03E-81,15.18829065,0.384,0.019,1.89E-77,2,Adam12
2.55E-80,4.643577456,0.291,0.009,4.71E-76,2,Tead1
6.36E-80,15.83873972,0.302,0.01,1.17E-75,2,Col4a1
1.50E-79,4.192791326,0.349,0.015,2.76E-75,2,Pard3
1.85E-73,9.684427028,0.291,0.011,3.41E-69,2,Stard13
1.39E-69,4.602842299,0.256,0.008,2.57E-65,2,Wwtr1
2.02E-69,34.28247424,0.547,0.058,3.73E-65,2,Inhba
1.15E-65,14.20616756,0.523,0.056,2.13E-61,2,Mast4
1.41E-65,5.322070912,0.442,0.036,2.59E-61,2,Pmepa1
2.72E-61,7.645678288,0.326,0.019,5.03E-57,2,Col5a1
8.11E-60,5.169499046,0.384,0.029,1.50E-55,2,Large1
1.85E-58,3.904181603,0.279,0.014,3.41E-54,2,Rapgef4
2.75E-57,5.079287857,0.326,0.021,5.07E-53,2,Mybbp1a
7.01E-56,32.39938214,0.314,0.02,1.29E-51,2,Col1a2
4.54E-55,5.821360553,0.279,0.015,8.38E-51,2,Flnb
1.14E-53,14.44324764,0.43,0.044,2.10E-49,2,Rbms3
5.18E-52,3.370145232,0.267,0.015,9.56E-48,2,Ube2e2
9.68E-49,6.284508194,0.314,0.024,1.78E-44,2,Pakap
1.85E-47,3.330111672,0.256,0.015,3.41E-43,2,Ppfibp1
4.15E-47,7.010106497,0.849,0.245,7.65E-43,2,Ncl
5.58E-46,3.277514516,0.279,0.019,1.03E-41,2,Tulp4
5.79E-45,16.43679423,0.267,0.019,1.07E-40,2,Col11a2
1.12E-43,18.0629211,0.407,0.05,2.07E-39,2,Glis3
2.98E-42,6.637256298,0.279,0.022,5.50E-38,2,Kcnma1
5.47E-42,6.642627832,0.256,0.018,1.01E-37,2,Cdc42bpa
1.08E-41,7.85265554,0.256,0.019,2.00E-37,2,PTPRG
8.04E-40,1.500999263,0.651,0.15,1.48E-35,2,Hsp90ab1
8.38E-40,2.553459745,0.267,0.021,1.55E-35,2,Rps2
1.27E-38,7.69118084,0.314,0.032,2.35E-34,2,Pvt1
1.35E-37,3.405292495,0.256,0.021,2.49E-33,2,Dlc1
7.06E-37,13.21148986,0.267,0.024,1.30E-32,2,Nav1
2.06E-36,52.39090595,0.36,0.047,3.80E-32,2,Col1a1
3.11E-36,7.864838714,0.465,0.08,5.73E-32,2,Ext1
9.04E-36,2.757517434,0.279,0.027,1.67E-31,2,Nav3
1.43E-35,3.797630194,0.453,0.074,2.63E-31,2,Sptbn1
3.85E-35,11.1859124,0.36,0.047,7.11E-31,2,Ahnak
8.36E-35,3.203770956,0.326,0.038,1.54E-30,2,Arhgap31
2.18E-34,3.938602416,0.326,0.039,4.02E-30,2,Rpl3
3.36E-34,8.915544626,0.256,0.023,6.20E-30,2,Rai14
5.05E-34,3.727651963,0.372,0.052,9.32E-30,2,Vegfa
7.67E-34,2.823956561,0.523,0.102,1.42E-29,2,Eef1a1
9.53E-34,3.734619756,0.407,0.062,1.76E-29,2,Dock1
1.02E-33,-0.958040917,0.465,0.085,1.88E-29,2,Nav2
1.54E-33,2.907850216,0.256,0.024,2.85E-29,2,Tns1
1.09E-32,4.954238353,0.291,0.033,2.01E-28,2,Cacna1c
2.75E-31,2.780830794,0.267,0.028,5.07E-27,2,Hspa9
3.45E-31,2.671983357,0.267,0.028,6.36E-27,2,Ddx21
9.78E-31,10.2893434,0.279,0.032,1.80E-26,2,Itga5
1.59E-30,3.111953321,0.36,0.054,2.93E-26,2,Mdn1
2.35E-30,1.966651388,0.372,0.056,4.34E-26,2,Rplp2
7.59E-30,8.465867649,0.267,0.03,1.40E-25,2,Nrp2
3.09E-29,3.392629184,0.314,0.042,5.69E-25,2,Gas5
5.42E-29,3.147505096,0.372,0.061,9.99E-25,2,Nop56
5.76E-29,-2.580186805,0.372,0.06,1.06E-24,2,Itgb1
1.02E-28,6.344806306,0.36,0.058,1.88E-24,2,Npm1
1.83E-28,19.14988792,0.291,0.038,3.38E-24,2,Cdh13
5.20E-28,3.912499192,0.267,0.032,9.59E-24,2,Sh3pxd2a
4.32E-27,7.745568032,0.267,0.034,7.97E-23,2,Cdk14
8.86E-27,3.522182707,0.314,0.046,1.63E-22,2,Erc1
1.27E-26,3.056465219,0.314,0.047,2.34E-22,2,Set
3.01E-26,3.609648103,0.291,0.041,5.55E-22,2,Txnrd1
7.82E-26,2.1632911,0.279,0.038,1.44E-21,2,Nedd4
1.14E-25,66.44461994,0.337,0.057,2.10E-21,2,Fn1
1.93E-25,20.80367127,0.535,0.143,3.57E-21,2,Hspa5
1.54E-24,14.52451621,0.256,0.034,2.85E-20,2,Lmna
4.26E-24,2.496331242,0.337,0.059,7.86E-20,2,Rpsa
7.11E-24,5.767374573,0.326,0.055,1.31E-19,2,Kcnq1ot1
8.58E-24,3.82189885,0.267,0.038,1.58E-19,2,Nop58
1.23E-23,2.489272373,0.302,0.049,2.26E-19,2,Psmd1
9.61E-23,3.663398276,0.256,0.036,1.77E-18,2,Wdr43
1.51E-22,4.638190511,0.279,0.044,2.79E-18,2,Itgav
1.77E-22,3.403254844,0.547,0.16,3.27E-18,2,Rrbp1
2.15E-22,2.783563094,0.453,0.109,3.97E-18,2,Naa15
2.29E-22,2.327565317,0.291,0.048,4.22E-18,2,Wdr89
3.11E-22,1.485332612,0.279,0.044,5.74E-18,2,Rplp1
5.08E-22,3.979109779,0.36,0.075,9.37E-18,2,Trio
2.64E-21,2.23131323,0.256,0.038,4.87E-17,2,Rps15
8.38E-21,4.143832257,0.442,0.114,1.55E-16,2,Brd2
1.56E-20,3.274914035,0.349,0.074,2.88E-16,2,Rptor
2.25E-20,2.827072191,0.395,0.093,4.15E-16,2,Eif4g1
2.70E-20,3.493836915,0.616,0.223,4.98E-16,2,Msn
2.99E-20,2.047258865,0.256,0.041,5.51E-16,2,Eef1g
4.09E-20,2.190458271,0.279,0.048,7.55E-16,2,Rps12
4.99E-20,2.240273071,0.302,0.057,9.20E-16,2,Rpl23
5.47E-20,4.372904112,0.291,0.054,1.01E-15,2,Sox5
6.64E-20,7.031492439,0.302,0.058,1.23E-15,2,Magi1
1.18E-19,2.503481166,0.326,0.066,2.17E-15,2,Ncor2
1.34E-19,8.578824915,0.453,0.129,2.47E-15,2,Tcf4
1.38E-19,7.08836193,0.326,0.068,2.55E-15,2,Tns3
1.40E-19,8.790418528,0.558,0.188,2.58E-15,2,Calr
1.52E-19,2.581753068,0.547,0.179,2.80E-15,2,mt-Cytb
3.28E-19,3.557099542,0.465,0.131,6.06E-15,2,Maml2
4.25E-19,2.889209043,0.57,0.21,7.83E-15,2,Eif3a
6.42E-19,-11.53734357,0.407,0.107,1.18E-14,2,Hsp90aa1
1.02E-18,2.908175281,0.256,0.044,1.88E-14,2,Sh3rf1
1.06E-18,2.124427542,0.267,0.047,1.96E-14,2,Eif2s2
1.82E-18,3.90434999,0.314,0.066,3.36E-14,2,Vim
2.44E-18,2.115792655,0.256,0.044,4.49E-14,2,Tpm1
2.64E-18,2.097147543,0.302,0.061,4.87E-14,2,Dip2c
7.09E-18,2.005242411,0.314,0.066,1.31E-13,2,Rpl41
8.87E-18,1.825997259,0.349,0.081,1.64E-13,2,mt-Nd2
1.05E-17,-1.727272282,0.558,0.208,1.94E-13,2,Hnrnpu
4.15E-17,-25.06268517,1,0.983,7.65E-13,2,Malat1
7.49E-17,2.108182926,0.291,0.061,1.38E-12,2,Exoc6b
8.29E-17,2.551301713,0.326,0.075,1.53E-12,2,Actn4
2.33E-16,0.91458016,0.477,0.159,4.30E-12,2,Fndc3b
2.77E-16,-0.573896213,0.256,0.049,5.10E-12,2,Ccdc88a
4.20E-16,2.552277865,0.267,0.054,7.74E-12,2,Eif4a1
4.21E-16,2.716985433,0.256,0.05,7.76E-12,2,Zfand5
7.14E-15,4.06038229,0.279,0.062,1.32E-10,2,P4hb
7.95E-15,10.91367623,0.535,0.214,1.47E-10,2,Gm47283
8.91E-15,121.6402679,1,1,1.64E-10,2,Cmss1
9.66E-15,2.046804329,0.256,0.054,1.78E-10,2,Hdlbp
1.27E-14,1.642798123,0.314,0.078,2.35E-10,2,Ywhae
1.97E-14,2.255310899,0.349,0.098,3.64E-10,2,Rpl13a
4.58E-14,1.31643124,0.477,0.165,8.45E-10,2,Plec
4.65E-14,4.940164304,0.372,0.112,8.57E-10,2,Snd1
9.08E-14,2.091946472,0.349,0.1,1.67E-09,2,Serbp1
1.05E-13,-0.697362497,0.302,0.077,1.93E-09,2,Ldlrad4
1.23E-13,1.303589396,0.337,0.092,2.26E-09,2,Fto
1.56E-13,3.464180141,0.302,0.079,2.87E-09,2,Sptan1
1.59E-13,1.498457261,0.302,0.078,2.94E-09,2,Map4
1.62E-13,1.924541514,0.256,0.057,2.98E-09,2,mt-Nd6
2.13E-13,1.731380819,0.733,0.384,3.93E-09,2,Rbm25
2.22E-13,6.547617455,0.5,0.195,4.09E-09,2,mt-Nd5
2.37E-13,3.367596028,0.512,0.187,4.37E-09,2,Fus
2.46E-13,3.412629135,0.337,0.097,4.54E-09,2,Lncpint
4.69E-13,2.583677786,0.372,0.115,8.65E-09,2,Eif1
5.19E-13,1.599573127,0.36,0.11,9.58E-09,2,Eef2
7.59E-13,2.097374582,0.256,0.061,1.40E-08,2,Ssb
8.54E-13,7.382004375,0.5,0.208,1.57E-08,2,Macf1
8.69E-13,0.714533386,0.535,0.213,1.60E-08,2,Snrnp70
8.79E-13,2.603930097,0.395,0.134,1.62E-08,2,Eif5b
1.04E-12,1.614116612,0.267,0.066,1.93E-08,2,Hspa8
1.07E-12,1.366477002,0.267,0.064,1.97E-08,2,Xrn2
1.62E-12,10.31012295,0.442,0.159,3.00E-08,2,Map4k4
1.63E-12,1.98726228,0.36,0.111,3.01E-08,2,Pabpn1
1.64E-12,1.641263575,0.291,0.076,3.03E-08,2,Hnrnpa1
2.31E-12,4.149663784,0.407,0.141,4.25E-08,2,Birc6
2.81E-12,2.082742012,0.267,0.068,5.18E-08,2,Septin7
2.89E-12,-2.603851672,0.942,0.819,5.33E-08,2,Filip1l
3.93E-12,0.814840151,0.535,0.227,7.25E-08,2,Anp32b
5.89E-12,1.258794143,0.291,0.079,1.09E-07,2,Snx4
8.80E-12,20.24719591,0.453,0.183,1.62E-07,2,Hsp90b1
9.10E-12,4.923516014,0.349,0.115,1.68E-07,2,mt-Nd1
1.72E-11,1.9407061,0.314,0.093,3.17E-07,2,Syncrip
1.92E-11,0.403951026,0.663,0.329,3.55E-07,2,Ptma
2.29E-11,1.615580205,0.337,0.106,4.23E-07,2,Ubr5
3.88E-11,2.320164391,0.314,0.097,7.16E-07,2,Chst11
4.22E-11,17.73986532,1,0.999,7.78E-07,2,mt-Rnr1
4.32E-11,62.48640679,0.977,0.971,7.97E-07,2,Camk1d
4.62E-11,3.653640662,0.279,0.079,8.52E-07,2,Ank
4.84E-11,2.222284666,0.256,0.069,8.92E-07,2,Sqstm1
8.05E-11,3.557179553,0.349,0.119,1.48E-06,2,Morrbid
9.15E-11,4.371513045,0.349,0.118,1.69E-06,2,Pecam1
1.31E-10,2.032239983,0.337,0.115,2.42E-06,2,Vmp1
5.11E-10,3.907771885,0.256,0.075,9.43E-06,2,Pdlim5
6.40E-10,0.932648958,0.36,0.129,1.18E-05,2,Ftl1
8.17E-10,-12.60046778,0.884,0.649,1.51E-05,2,Il31ra
2.52E-09,8.417123997,0.337,0.125,4.65E-05,2,Myo1d
3.00E-09,1.68370993,0.279,0.09,5.54E-05,2,Bclaf1
3.02E-09,1.167457505,0.314,0.106,5.56E-05,2,Srek1
3.11E-09,3.591562886,0.36,0.141,5.73E-05,2,Zeb1
3.68E-09,-7.751666209,1,0.995,6.78E-05,2,Gm19951
4.18E-09,5.092683261,0.291,0.1,7.72E-05,2,Myo1e
4.92E-09,19.20843492,0.988,0.999,9.07E-05,2,mt-Rnr2
5.17E-09,0.640040041,0.465,0.21,9.54E-05,2,Prrc2c
6.69E-09,2.94194038,0.302,0.107,0.000123488,2,Cnot4
1.12E-08,3.746835389,0.314,0.112,0.000206581,2,Srsf11
1.14E-08,1.379035571,0.384,0.155,0.000210735,2,Ankrd17
1.26E-08,1.312624148,0.267,0.087,0.000231847,2,Prpf40a
1.79E-08,2.405690025,0.256,0.083,0.000330451,2,Ino80
1.85E-08,1.639531773,0.326,0.126,0.000340968,2,Csnk1a1
2.28E-08,1.582157184,0.256,0.083,0.000420005,2,Dlg1
2.42E-08,2.516277803,0.337,0.134,0.000445781,2,Rock2
2.56E-08,1.744950594,0.43,0.188,0.000472844,2,Chd4
3.13E-08,2.067015776,0.267,0.092,0.000578181,2,Gnas
4.00E-08,1.053606812,0.267,0.09,0.000737577,2,Nufip2
4.76E-08,1.916123151,0.302,0.112,0.00087798,2,Sf1
5.71E-08,2.103773167,0.256,0.086,0.001054012,2,Rps9
6.97E-08,2.185433941,0.326,0.132,0.0012863,2,Zfhx3
8.50E-08,1.546832836,0.256,0.086,0.001567584,2,Dync1h1
1.03E-07,6.00495352,0.349,0.143,0.0019083,2,Trip12
1.27E-07,1.176156501,0.267,0.095,0.002336216,2,Kif5b
1.36E-07,1.382451064,0.267,0.097,0.002517411,2,Klf6
1.54E-07,7.554828668,0.279,0.102,0.002841249,2,Agap1
1.66E-07,-2.866529764,0.523,0.284,0.003067397,2,Jund
1.96E-07,1.74586482,0.36,0.151,0.003619183,2,Hnrnph1
1.97E-07,1.257719508,0.267,0.095,0.003626822,2,Hnrnpk
2.12E-07,1.815843378,0.419,0.199,0.003905429,2,mt-Co1
2.17E-07,1.107782699,0.302,0.116,0.003999952,2,Ets1
2.55E-07,1.869577518,0.384,0.166,0.004709727,2,Wwox
2.58E-07,0.541406199,0.395,0.172,0.004754045,2,Sfpq
2.80E-07,1.995333284,0.349,0.152,0.005171703,2,Ewsr1
4.77E-07,5.097431718,0.279,0.107,0.008799659,2,Trps1
4.78E-07,-4.334763592,0.151,0.415,0.008810658,2,Dock2
4.79E-07,2.165336135,0.314,0.132,0.008827837,2,Nfkb1
5.05E-07,1.075485903,0.267,0.099,0.009319072,2,Rsrc2
5.35E-07,2.553477965,0.302,0.121,0.009865027,2,Slc38a2
6.06E-07,0.757965981,0.267,0.098,0.011187682,2,Ranbp2
7.18E-07,0.768675246,0.279,0.107,0.013248135,2,Prkca
7.39E-07,1.447192422,0.267,0.101,0.013635122,2,Wdr33
7.73E-07,1.670119785,0.349,0.156,0.014263295,2,Hnrnpc
9.10E-07,3.403568424,0.279,0.11,0.016786711,2,Tcf12
1.14E-06,1.602718667,0.256,0.097,0.021038414,2,Sltm
1.39E-06,1.248042904,0.256,0.097,0.025554664,2,Ubr3
1.53E-06,0.544735747,0.5,0.279,0.02823307,2,Hnrnpa2b1
1.59E-06,0.607802157,0.291,0.116,0.029387432,2,Prrc2b
1.60E-06,0.739443701,0.267,0.102,0.029437935,2,Arglu1
1.67E-06,3.452208271,0.535,0.326,0.030824427,2,Jarid2
1.98E-06,0.775168154,0.302,0.131,0.036487542,2,Zbed6
2.27E-06,-24.50205747,0.105,0.35,0.04183933,2,S100a8
3.06E-06,0.826859488,0.326,0.148,0.056503653,2,Huwe1
3.09E-06,4.102450419,0.256,0.099,0.056997259,2,Taok1
3.11E-06,-6.514547088,0.081,0.322,0.057311498,2,Itgam
5.04E-06,-25.7953294,0.151,0.383,0.093033249,2,Tmem131l
5.25E-06,#NAME?,1,0.997,0.096823445,2,Lars2
6.06E-06,2.058803368,0.314,0.146,0.111767016,2,Usp34
6.64E-06,1.184513123,0.291,0.125,0.12245106,2,Ddx46
7.02E-06,1.683933594,0.349,0.173,0.129575471,2,Mbnl2
7.57E-06,0.618927476,0.256,0.101,0.139667475,2,Skil
7.87E-06,1.007922591,0.291,0.125,0.145220797,2,Prrc2a
8.21E-06,1.84287077,0.337,0.153,0.151521131,2,Mycbp2
9.13E-06,2.514666675,0.326,0.152,0.168495097,2,Zmiz1
1.05E-05,0.664308616,0.36,0.175,0.194171068,2,Rabgap1l
1.15E-05,-4.632700346,0.116,0.339,0.211792113,2,Syk
1.32E-05,1.505793754,0.256,0.109,0.243856101,2,Gm48099
1.36E-05,1.936438317,0.36,0.178,0.25022623,2,Srsf5
1.41E-05,-4.174468269,0.326,0.154,0.260249468,2,Zc3h13
1.66E-05,1.63805034,0.279,0.121,0.306820403,2,Ppp6r3
1.79E-05,0.606502243,0.267,0.115,0.330940198,2,Fbxl17
1.97E-05,1.536335923,0.267,0.115,0.364039485,2,Rbbp6
2.16E-05,-15.35817012,0.14,0.36,0.398682311,2,Dennd4a
2.20E-05,1.696926478,0.279,0.126,0.406236299,2,Tpr
2.22E-05,-2.575417494,0.058,0.261,0.409187057,2,Slc12a6
2.60E-05,3.060710778,0.337,0.167,0.479347188,2,Ubr4
2.74E-05,2.215540794,0.279,0.128,0.505172126,2,Ambra1
2.75E-05,4.028644303,0.326,0.164,0.507209274,2,Exoc4
3.16E-05,1.741419733,0.291,0.137,0.58364477,2,Eif4g2
3.53E-05,-60.13930724,1,0.994,0.651171521,2,Gphn
4.13E-05,0.836146377,0.43,0.25,0.761604229,2,Scarna2
6.64E-05,-20.86708551,0.081,0.267,1,2,Specc1
7.11E-05,-2.516778808,0.07,0.259,1,2,Cd47
7.30E-05,-0.816690995,0.186,0.388,1,2,Lyn
7.64E-05,-3.608341048,0.081,0.273,1,2,Ptprc
0.000104921,2.411112373,0.279,0.135,1,2,Mef2a
0.000114324,-5.240963032,0.105,0.289,1,2,Wdfy4
0.000120476,1.401224539,0.291,0.145,1,2,Zswim6
0.000124726,1.002515901,0.36,0.198,1,2,Kmt2e
0.000133491,1.969598205,0.314,0.167,1,2,Pum1
0.000138905,1.628650972,0.256,0.119,1,2,Ggnbp2
0.000146028,0.6889787,0.256,0.123,1,2,Kdm6b
0.000176663,-2.447659047,0.163,0.351,1,2,Arhgap15
0.000194308,0.589830196,0.267,0.128,1,2,Epb41l2
0.000200273,0.463600465,0.279,0.142,1,2,Xist
0.000204188,-0.537465741,0.279,0.131,1,2,Rai1
0.000209364,-8.590301832,0.081,0.258,1,2,Lcp1
0.000261818,0.973049704,0.36,0.201,1,2,Jmjd1c
0.000266001,-230.3766588,0.221,0.393,1,2,Hba-a1
0.000269073,-11.37174304,0.105,0.272,1,2,Slc4a1
0.000273849,5.637701926,0.395,0.227,1,2,Btbd9
0.000291537,-1.442215376,0.093,0.272,1,2,Mir142hg
0.000326761,-26.57166452,0.174,0.341,1,2,Ngp
0.000342026,-2.721694985,0.256,0.123,1,2,Atp2b1
0.000382253,-4.521098467,0.163,0.35,1,2,Prkcb
0.000413581,-12.52243764,0.663,0.489,1,2,Gm15564
0.000417972,-1.523879321,0.628,0.444,1,2,Fgfr2
0.000494269,1.592051069,0.302,0.16,1,2,Stag1
0.000496767,0.888072889,0.291,0.153,1,2,Eif5
0.000528653,0.938237287,0.291,0.156,1,2,Gse1
0.000532316,0.912504063,0.465,0.298,1,2,AY036118
0.000569302,3.87051424,0.372,0.226,1,2,Eif4g3
0.000655235,-15.05411544,0.163,0.331,1,2,Thbs1
0.000702966,1.568983152,0.279,0.151,1,2,Rbms1
0.00079097,0.27250287,0.267,0.14,1,2,Utrn
0.000919457,0.776977035,0.291,0.164,1,2,Top1
0.000941224,-13.06350857,0.14,0.299,1,2,Lyst
0.000972803,1.425976584,0.256,0.132,1,2,Stat3
0.001015222,0.873237584,0.326,0.192,1,2,Rere
0.001118873,6.60193088,0.512,0.353,1,2,Neat1
0.001218233,-3.274417361,0.174,0.344,1,2,Ripor2
0.001352997,2.102041611,0.267,0.148,1,2,Kdm5a
0.001399355,-20.03464355,0.163,0.313,1,2,Epb41
0.001467908,0.513141684,0.279,0.154,1,2,Tnrc18
0.001618276,4.13116754,0.267,0.148,1,2,Hnrnpa3
0.001626892,-12.62107594,0.174,0.327,1,2,Aff3
0.001668541,-53.10630892,0.163,0.307,1,2,Atg4a
0.001771168,-81.48727869,0.453,0.545,1,2,S100a9
0.001941351,1.881882202,0.267,0.153,1,2,Hmgb1
0.001957804,10.19902517,0.267,0.154,1,2,Abi1
0.002105481,-6.618506205,0.116,0.266,1,2,Ncf2
0.00220198,2.078439588,0.256,0.141,1,2,Luc7l3
0.002357114,2.14026281,0.407,0.286,1,2,Ppp3ca
0.002471256,-2.303993764,0.372,0.229,1,2,Atxn1
0.002827097,0.974576054,0.384,0.254,1,2,Acin1
0.002923114,0.749122942,0.279,0.16,1,2,Ash1l
0.003161063,4.49212836,0.256,0.142,1,2,Arl15
0.003173703,-33.83205272,0.198,0.324,1,2,Ltf
0.003359713,1.175367209,0.279,0.165,1,2,Tmtc2
0.003479629,-0.357155656,0.256,0.138,1,2,Kdm2a
0.003539342,1.00489803,0.291,0.173,1,2,Clint1
0.003902329,-6.147170581,0.186,0.317,1,2,Mtmr3
0.004491488,-0.317781904,0.279,0.165,1,2,Actn1
0.005868718,0.486222583,0.267,0.154,1,2,Lrrfip1
0.006095076,1.316453276,0.314,0.196,1,2,Chd7
0.006114177,-3.182998334,0.151,0.282,1,2,Msra
0.00640973,-0.527616725,0.267,0.154,1,2,Fmnl2
0.006574802,0.963934994,0.372,0.26,1,2,Zfand3
0.00657643,-1.399611623,0.302,0.193,1,2,Etv6
0.007213716,0.367075785,0.267,0.158,1,2,Srcap
0.007377285,-4.498269566,0.384,0.265,1,2,Cd44
0.00826514,-2.310838065,0.174,0.302,1,2,Plcl2
0.008738341,-31.35507989,0.314,0.415,1,2,Bach2
0.00937824,0.570546169,0.36,0.254,1,2,Srrm2
2.40E-97,4.741174823,0.333,0.007,4.43E-93,3,Dntt
4.24E-88,10.94428778,0.742,0.069,7.82E-84,3,Lef1
6.24E-71,5.610969432,0.5,0.034,1.15E-66,3,2900026A02Rik
1.08E-57,32.82416183,0.545,0.057,2.00E-53,3,Auts2
1.17E-53,3.259866847,0.318,0.017,2.16E-49,3,Plxdc1
3.16E-52,4.241540673,0.621,0.082,5.84E-48,3,Erg
2.43E-46,5.025953024,0.439,0.043,4.49E-42,3,1700027J07Rik
7.00E-42,2.906829668,0.364,0.031,1.29E-37,3,Dock9
6.76E-30,2.270551961,0.652,0.158,1.25E-25,3,Maml3
4.61E-28,3.132484638,0.545,0.107,8.51E-24,3,N4bp2
7.62E-28,7.252722355,0.439,0.075,1.41E-23,3,Ldlrad4
2.43E-27,17.14528482,0.879,0.361,4.49E-23,3,Ebf1
1.98E-26,2.792739763,0.273,0.029,3.64E-22,3,Tspan13
5.00E-25,1.844308137,0.848,0.307,9.23E-21,3,Aff3
1.35E-21,10.74413226,0.652,0.199,2.49E-17,3,Smarca4
2.14E-21,2.013820844,0.667,0.197,3.95E-17,3,Blnk
4.00E-19,2.107475905,0.318,0.054,7.39E-15,3,Esr1
6.08E-19,1.391841405,0.667,0.236,1.12E-14,3,Foxn3
1.17E-18,-1.144445682,0.545,0.149,2.16E-14,3,Cerk
3.05E-18,4.009844999,0.485,0.122,5.63E-14,3,Hivep2
4.72E-18,3.039050884,0.348,0.067,8.70E-14,3,Phactr2
6.10E-16,3.597403767,0.318,0.063,1.13E-11,3,Rasgrp2
8.37E-16,2.485180439,0.455,0.128,1.54E-11,3,Rai1
9.94E-16,1.614311903,0.394,0.093,1.83E-11,3,Cep250
3.32E-15,3.131434346,0.303,0.06,6.12E-11,3,2610307P16Rik
3.58E-15,1.787458095,0.273,0.049,6.61E-11,3,Kat2b
4.29E-15,1.856008796,0.318,0.065,7.92E-11,3,Dpp4
6.34E-15,2.616939185,0.47,0.137,1.17E-10,3,Mgat5
1.34E-14,3.010027643,0.333,0.074,2.47E-10,3,Ankrd33b
1.56E-14,1.917035063,0.53,0.174,2.88E-10,3,Gm45837
1.75E-14,1.803644906,0.333,0.074,3.22E-10,3,Coro7
1.04E-13,6.462940868,0.697,0.298,1.93E-09,3,Inpp5d
1.24E-13,2.255973314,0.333,0.079,2.29E-09,3,Map4k2
1.36E-13,6.941569762,0.273,0.057,2.51E-09,3,St6galnac3
1.52E-13,2.202579684,0.333,0.079,2.80E-09,3,Cmtm7
2.51E-13,0.61892155,0.258,0.049,4.63E-09,3,Blk
3.52E-13,4.34563969,0.545,0.212,6.49E-09,3,Zbtb20
6.30E-13,2.599288962,0.273,0.056,1.16E-08,3,Hivep3
1.20E-11,-2.501927429,0.348,0.095,2.22E-07,3,Cbfa2t3
3.45E-11,5.431826224,0.409,0.137,6.36E-07,3,Utrn
5.01E-11,1.399726938,0.258,0.058,9.23E-07,3,Cdk6
1.94E-10,1.306560072,0.485,0.182,3.58E-06,3,Tgfb1
2.65E-10,1.632100923,0.258,0.062,4.88E-06,3,Elk4
2.89E-10,-5.815867211,0.47,0.163,5.34E-06,3,Akap12
3.10E-10,1.181454781,0.288,0.074,5.71E-06,3,Ablim1
7.52E-10,1.358083268,0.424,0.151,1.39E-05,3,Zmiz1
1.33E-09,3.014969167,0.515,0.214,2.45E-05,3,Kansl1
1.38E-09,1.023784632,0.364,0.116,2.54E-05,3,Prrc2b
2.52E-09,-1.071175225,0.409,0.151,4.66E-05,3,Ppp1r16b
3.61E-09,-4.912025072,0.545,0.228,6.66E-05,3,Kcnq5
5.81E-09,1.530928243,0.5,0.209,0.000107218,3,Mbnl1
7.76E-09,1.308401808,0.439,0.171,0.000143085,3,Rcsd1
1.15E-08,1.06949,0.258,0.07,0.000213016,3,Ube4b
1.19E-08,3.827664431,0.545,0.246,0.000219342,3,Slc12a6
1.26E-08,0.520679034,0.409,0.154,0.000231718,3,Gse1
1.26E-08,1.649091312,0.288,0.086,0.000232158,3,Xrcc6
1.29E-08,0.442022357,0.455,0.181,0.000238769,3,Msi2
2.26E-08,1.985797065,0.303,0.096,0.000417443,3,Gramd1a
2.41E-08,0.752586933,0.273,0.08,0.00044529,3,Sorcs2
2.69E-08,1.339191551,0.318,0.104,0.000497047,3,B3gnt2
3.76E-08,1.656801484,0.273,0.082,0.000694289,3,Cplx2
3.81E-08,-2.690475481,0.364,0.135,0.000703368,3,Tcf4
3.84E-08,1.639158559,0.288,0.091,0.000708706,3,Chd9
4.80E-08,1.625087422,0.258,0.075,0.000885184,3,Ubac2
5.81E-08,2.391231578,0.258,0.076,0.001071697,3,Gmds
6.05E-08,1.693810964,0.273,0.083,0.001116195,3,Tut4
9.84E-08,0.452143194,0.273,0.085,0.0018159,3,Tcf7l2
1.09E-07,1.754512805,0.348,0.124,0.002008777,3,Kmt2a
1.15E-07,0.617320909,0.455,0.189,0.002129108,3,Rere
1.32E-07,1.896975903,0.318,0.109,0.002427504,3,Git2
1.42E-07,1.101318951,0.258,0.076,0.002627234,3,Aff4
1.44E-07,0.769700106,0.273,0.086,0.002661537,3,Tcf3
1.71E-07,2.143304247,0.379,0.152,0.003152348,3,Ncoa2
2.75E-07,1.934317051,0.394,0.158,0.00506475,3,Pax5
2.97E-07,-5.343535323,0.652,0.336,0.005480321,3,Arhgap15
3.04E-07,0.925619207,0.303,0.103,0.005599325,3,Macroh2a1
3.14E-07,-3.412984358,0.682,0.367,0.00579553,3,Foxp1
3.34E-07,-0.587661794,0.485,0.205,0.006154319,3,Cecr2
3.52E-07,1.837151672,0.288,0.097,0.006485633,3,Tiam1
3.82E-07,0.987907149,0.333,0.123,0.007044814,3,Klhl6
3.86E-07,1.014962775,0.273,0.089,0.007126391,3,Gnb1
5.80E-07,2.651309105,0.364,0.143,0.010702708,3,Zeb1
7.13E-07,1.303291165,0.379,0.154,0.013151083,3,Smg1
9.68E-07,0.435943663,0.303,0.108,0.017848048,3,Bcl7a
9.79E-07,2.679368225,0.273,0.093,0.018064321,3,Kansl1l
1.02E-06,0.900301246,0.485,0.234,0.018890487,3,Pag1
1.07E-06,1.20888733,0.439,0.203,0.019792357,3,Ccnd3
1.15E-06,1.474758669,0.303,0.115,0.021254578,3,Cdk17
1.18E-06,1.791436925,0.318,0.121,0.021790979,3,Susd1
1.33E-06,0.844595694,0.288,0.1,0.024514626,3,Nfat5
1.43E-06,1.275616109,0.5,0.251,0.0263486,3,Nipbl
1.44E-06,0.698131447,0.303,0.111,0.026628936,3,Tcf12
1.89E-06,1.070802604,0.318,0.123,0.034852096,3,Itpkb
2.43E-06,1.357339062,0.485,0.242,0.044915607,3,Med13l
3.01E-06,0.39317047,0.364,0.148,0.055564084,3,Huwe1
4.04E-06,1.525797862,0.545,0.286,0.074611763,3,Cux1
4.07E-06,0.982613478,0.333,0.135,0.075134237,3,Rock2
1.08E-05,4.567001623,0.288,0.114,0.200019597,3,Pde4b
1.23E-05,0.718532621,0.379,0.179,0.226869188,3,Stk4
1.32E-05,0.945653063,0.318,0.136,0.243040927,3,Hdac8
1.58E-05,1.083968487,0.258,0.097,0.291417305,3,Fam193a
1.72E-05,1.760041453,0.652,0.399,0.317393343,3,Dock2
2.06E-05,1.752995707,0.258,0.098,0.379148009,3,Hnrnpul1
2.31E-05,-9.428827729,0.47,0.233,0.426230932,3,Prkce
2.66E-05,0.358505928,0.348,0.149,0.49090617,3,Unc93b1
2.75E-05,0.93167424,0.424,0.236,0.507780926,3,Pan3
2.98E-05,-0.650485517,0.485,0.262,0.548924784,3,Serinc3
3.14E-05,1.966345098,0.258,0.102,0.580025697,3,Gsap
3.25E-05,-0.958529073,0.591,0.353,0.599730281,3,Runx1
3.54E-05,0.760788673,0.288,0.118,0.653767505,3,Ets1
3.70E-05,-66.50700806,1,0.999,0.682501778,3,mt-Rnr1
3.77E-05,-3.110219551,0.273,0.109,0.694817919,3,Trps1
4.29E-05,0.498907665,0.258,0.101,0.792048214,3,Cdk19
4.40E-05,1.640595313,0.455,0.252,0.812388419,3,Srrm2
5.51E-05,0.892543988,0.288,0.12,1,3,Cacna1e
5.62E-05,-1.361972326,0.636,0.38,1,3,Ccnb1ip1
5.84E-05,-2.942910483,0.409,0.204,1,3,Pik3ap1
6.11E-05,1.253501688,0.258,0.104,1,3,Arglu1
6.33E-05,0.750479719,0.258,0.106,1,3,Ralgapa1
0.0001349,-10.37472048,0.061,0.272,1,3,Slc4a1
0.000146011,0.717070805,0.258,0.108,1,3,Tlk1
0.000157209,-0.415746794,0.379,0.191,1,3,Plekha2
0.000190378,0.309820905,0.258,0.108,1,3,Fars2
0.000246733,0.96038946,0.333,0.163,1,3,Bptf
0.000264949,1.048502788,0.273,0.124,1,3,Pik3cd
0.000274692,0.719816298,0.333,0.169,1,3,Dgkd
0.000293134,-2.581572126,0.333,0.163,1,3,Akt3
0.000403016,-2.547708101,0.121,0.34,1,3,Tut7
0.000497873,0.36698374,0.53,0.363,1,3,Ankrd11
0.000547878,0.455633673,0.258,0.115,1,3,Stk24
0.000609064,-0.468648969,0.348,0.177,1,3,Hnrnpm
0.00063395,1.389186913,0.348,0.184,1,3,Arhgef1
0.000652453,2.304396735,0.333,0.174,1,3,Rapgef6
0.000663091,-81.26412457,0.364,0.547,1,3,S100a9
0.000681404,7.039625016,0.455,0.288,1,3,Jund
0.000703635,0.563726101,0.273,0.129,1,3,Csnk1a1
0.000712841,-98.51500584,1,0.998,1,3,mt-Rnr2
0.000723554,-0.971033343,0.364,0.197,1,3,Xylt1
0.000738978,1.598518652,0.258,0.119,1,3,Ppp2r5c
0.000757289,0.704497717,0.364,0.192,1,3,Chd4
0.0008112,0.276490079,0.364,0.192,1,3,Itsn2
0.000955164,-2.819984348,0.409,0.221,1,3,Dock10
0.001039561,1.456620857,0.364,0.199,1,3,Plcg2
0.001246849,1.698277818,0.455,0.27,1,3,Celf2
0.001311962,0.484054588,0.303,0.153,1,3,Hmgb1
0.001349507,-0.346467142,0.288,0.145,1,3,Rftn1
0.001363975,0.824317665,0.288,0.148,1,3,Kdm5a
0.001378261,1.983651846,0.288,0.155,1,3,Hnrnph1
0.00151947,-4.868476442,0.727,0.543,1,3,Rn7sk
0.001924949,1.915233534,0.273,0.135,1,3,Baz2a
0.001972744,1.3062769,0.303,0.161,1,3,H2-D1
0.002018771,-0.284748476,0.318,0.168,1,3,Cyfip2
0.002112331,0.717137682,0.545,0.366,1,3,Tnrc6b
0.002211677,-12.64384481,0.091,0.258,1,3,Marchf3
0.002342105,0.583308491,0.288,0.155,1,3,Tnrc18
0.002490511,0.891776623,0.258,0.13,1,3,Taok3
0.002511235,-13.58482204,0.106,0.264,1,3,Specc1
0.002516648,1.897132717,0.288,0.152,1,3,Rbm5
0.002552583,1.005625516,0.273,0.139,1,3,Eif4g2
0.00288765,-249.1138817,0.258,0.39,1,3,Hba-a1
0.002996706,1.0486615,0.273,0.146,1,3,Lrch1
0.003250673,0.322761463,0.409,0.262,1,3,Mir142hg
0.003329969,-1.867090879,0.364,0.219,1,3,Eif3a
0.003709665,0.59376511,0.273,0.145,1,3,Nsmce2
0.003755269,0.401562185,0.288,0.153,1,3,Grk2
0.004273132,1.122283751,0.258,0.133,1,3,Znrf1
0.004551839,0.648589797,0.303,0.171,1,3,Dyrk1a
0.004578078,-0.268585412,0.455,0.304,1,3,Aff1
0.005007814,-1.306519559,0.273,0.148,1,3,Snx29
0.005469803,1.029545276,0.303,0.175,1,3,Sf3b1
0.006178618,0.280384488,0.288,0.159,1,3,Ankrd17
0.006213106,-15.979638,0.212,0.363,1,3,Neat1
0.007444976,0.681997945,0.348,0.207,1,3,Lrrc8d
0.007941857,0.279807712,0.333,0.199,1,3,Son
0.008410775,-40.98926032,0.136,0.275,1,3,Tmcc2
0.009498829,-6.450036391,0.121,0.264,1,3,Ncf2
0.009632389,-0.449765676,0.379,0.249,1,3,Arid1b